-- MySQL dump 10.13  Distrib 8.2.0, for Win64 (x86_64)
--
-- Host: localhost    Database: clientdata
-- ------------------------------------------------------
-- Server version	8.2.0

/*!40101 SET @OLD_CHARACTER_SET_CLIENT=@@CHARACTER_SET_CLIENT */;
/*!40101 SET @OLD_CHARACTER_SET_RESULTS=@@CHARACTER_SET_RESULTS */;
/*!40101 SET @OLD_COLLATION_CONNECTION=@@COLLATION_CONNECTION */;
/*!50503 SET NAMES utf8mb4 */;
/*!40103 SET @OLD_TIME_ZONE=@@TIME_ZONE */;
/*!40103 SET TIME_ZONE='+00:00' */;
/*!40014 SET @OLD_UNIQUE_CHECKS=@@UNIQUE_CHECKS, UNIQUE_CHECKS=0 */;
/*!40014 SET @OLD_FOREIGN_KEY_CHECKS=@@FOREIGN_KEY_CHECKS, FOREIGN_KEY_CHECKS=0 */;
/*!40101 SET @OLD_SQL_MODE=@@SQL_MODE, SQL_MODE='NO_AUTO_VALUE_ON_ZERO' */;
/*!40111 SET @OLD_SQL_NOTES=@@SQL_NOTES, SQL_NOTES=0 */;

--
-- Table structure for table `adresse`
--

DROP TABLE IF EXISTS `adresse`;
/*!40101 SET @saved_cs_client     = @@character_set_client */;
/*!50503 SET character_set_client = utf8mb4 */;
CREATE TABLE `adresse` (
  `id` int NOT NULL AUTO_INCREMENT,
  `voie` varchar(70) COLLATE utf8mb4_unicode_ci DEFAULT NULL,
  `code_postal` varchar(5) COLLATE utf8mb4_unicode_ci DEFAULT NULL,
  `ville` varchar(50) COLLATE utf8mb4_unicode_ci DEFAULT NULL,
  `complement_adr` varchar(50) COLLATE utf8mb4_unicode_ci DEFAULT NULL,
  PRIMARY KEY (`id`)
) ENGINE=InnoDB AUTO_INCREMENT=33 DEFAULT CHARSET=utf8mb4 COLLATE=utf8mb4_unicode_ci;
/*!40101 SET character_set_client = @saved_cs_client */;

--
-- Dumping data for table `adresse`
--

LOCK TABLES `adresse` WRITE;
/*!40000 ALTER TABLE `adresse` DISABLE KEYS */;
INSERT INTO `adresse` VALUES (1,'1BIS RUE CREUSE','77120','MAROLLES EN BRIE',NULL),(2,'18 RUE DES CERISIERS','60290','LAIGNEVILLE',NULL),(3,'2 ROUTE DE FORMERIE','60220','BOUVRESSE',NULL),(4,'111 RUE DE REUILLY','75012','PARIS-12E__ARRONDISSEMENT',NULL),(5,'7 RUE DE JUSSIEU','77520','MONTIGNY LENCOUP',NULL),(6,'11 RUE CHARLES CORDIER','77164','FERRIERES',NULL),(7,'19 RUE PIERRE DE NAVARRE','77100','MEAUX',NULL),(8,'70 RUE EMILE ZOLA','77124','CREGY LES MEAUX',NULL),(9,'39 RUE FRANCOIS VILLON','95820','BRUYERES SUR OISE',NULL),(10,'53 AVENUE JEAN JAURES','93350','LE BOURGET',NULL),(11,'TSA 90001','78182','ST QUENTIN',NULL),(12,'12 RUE DES TOURNELLES','77174','VILLENEUVE SAINT DENIS',NULL),(13,'14 CHEMIN PARE','77580','COULOMMES',NULL),(14,'235 RUE DES PETITS PRES','60250','HEILLES',NULL),(15,'RUE DU PONT DE SAINT LEU','60270','GOUVIEUX',NULL),(16,'14 RUE DE LA GARENNE','77320','CERNEUX',NULL),(17,'98 AVENUE DE FONTAINEBLEAU','77310','SAINT FARGEAU PONTHIERRY',NULL),(18,'1 DU GUE LANGLOIS','77600','BUSSY SAINT GEORGES',NULL),(19,'8 AVENUE LEON BLUM','93330','NEUILLY SUR MARNE',NULL),(20,'22 RUE DES 2 GARES','92564','RUEIL MALMAISON CEDEX',NULL),(21,'255 RN6','77240','VERT SAINT DENIS',NULL),(22,'85 87 AVENUE DU GENERAL DE GAULLE','94000','CRETEIL',NULL),(23,'80 IMPASSE BOIS SAVONNETTE','97232','LE LAMENTIN',NULL),(24,'3 AVENUE DU GENERAL DE GAULLE','77440','LIZY SUR OURCQ',NULL),(25,'1 RUE CHEMIN BLANC','91160','LONGJUMEAU',NULL),(26,'8 RUE JULES LOPARD','77450','ESBLY',NULL),(27,'22 RUE DU 8 MAI 1945','95340','PERSAN',NULL),(28,'RUE DES LONGS REAGES','28230','EPERNON',NULL),(29,'2 B RUE ST AIGNAN','77171','LECHELLE',NULL),(30,'62 RUE DES DROITS DE L HOMME','60740','SAINT MAXIMIN',NULL),(31,'1 RUE TRISTAN TZARA','75018','PARIS-18E__ARRONDISSEMENT','TZARA'),(32,'2 ALLEE FONTAINE DES TOURNELLES','77230','SAINT MARD',NULL);
/*!40000 ALTER TABLE `adresse` ENABLE KEYS */;
UNLOCK TABLES;

--
-- Table structure for table `compte`
--

DROP TABLE IF EXISTS `compte`;
/*!40101 SET @saved_cs_client     = @@character_set_client */;
/*!50503 SET character_set_client = utf8mb4 */;
CREATE TABLE `compte` (
  `id` int NOT NULL AUTO_INCREMENT,
  `compte_affaire` varchar(20) COLLATE utf8mb4_unicode_ci DEFAULT NULL,
  `compte_event` varchar(20) COLLATE utf8mb4_unicode_ci DEFAULT NULL,
  `dernier_event` varchar(20) COLLATE utf8mb4_unicode_ci DEFAULT NULL,
  PRIMARY KEY (`id`)
) ENGINE=InnoDB AUTO_INCREMENT=20 DEFAULT CHARSET=utf8mb4 COLLATE=utf8mb4_unicode_ci;
/*!40101 SET character_set_client = @saved_cs_client */;

--
-- Dumping data for table `compte`
--

LOCK TABLES `compte` WRITE;
/*!40000 ALTER TABLE `compte` DISABLE KEYS */;
INSERT INTO `compte` VALUES (1,'LABOHYMEA','GIDAHYCOU','GIDAHYCOU'),(2,'LABOHYMEA','GIDAHYMAX','GIDAHYMAX'),(3,'LABOHYMEA','GIDAHYBEA','GIDAHYBEA'),(4,'LABOHYMEA','GIDAHYBUS','VNVOHYBUS'),(5,'LABOHYMEA','GIDAHYMEA','GIDAHYMEA'),(6,'LABOHYMEA','GIDAHYBEA','GIDAHYMAX'),(7,'LABOHYMEA','GIDAHYBUS','GIDAHYBUS'),(8,'LABOHYMEA','GIDAHYBEA','VNVOHYMEA'),(9,'LABOHYMEA','GIDACOU','GIDAHYCOU'),(10,'LABOHYMEA','VNVOHYMEA','VNVOHYMEA'),(11,'LABOHYMEA','GIDACARPRO','GIDAHYMEA'),(12,'LABOHYMEA','GIDAHYCOU','GIDAHYMEA'),(13,'LABOHYMEA','VNVOHYBUS','VNVOHYBUS'),(14,'LABOHYMEA','GIDAHYCOU','VNVOHYMEA'),(15,'LABOHYMEA','GIDAHYMEA','VNVOHYMEA'),(16,'LABOHYMEA','GIDACARPRO','GIDAHYCOU'),(17,'LABOHYMEA','GIDACOU','GIDACOU'),(18,'LABOHYMEA','VNVOHYMAX','VNVOHYMAX'),(19,'LABOHYMEA',NULL,NULL);
/*!40000 ALTER TABLE `compte` ENABLE KEYS */;
UNLOCK TABLES;

--
-- Table structure for table `contact`
--

DROP TABLE IF EXISTS `contact`;
/*!40101 SET @saved_cs_client     = @@character_set_client */;
/*!50503 SET character_set_client = utf8mb4 */;
CREATE TABLE `contact` (
  `id` int NOT NULL AUTO_INCREMENT,
  `email` varchar(255) COLLATE utf8mb4_unicode_ci DEFAULT NULL,
  `tel_domicile` varchar(14) COLLATE utf8mb4_unicode_ci DEFAULT NULL,
  `tel_portable` varchar(10) COLLATE utf8mb4_unicode_ci DEFAULT NULL,
  `tel_job` varchar(10) COLLATE utf8mb4_unicode_ci DEFAULT NULL,
  PRIMARY KEY (`id`)
) ENGINE=InnoDB AUTO_INCREMENT=37 DEFAULT CHARSET=utf8mb4 COLLATE=utf8mb4_unicode_ci;
/*!40101 SET character_set_client = @saved_cs_client */;

--
-- Dumping data for table `contact`
--

LOCK TABLES `contact` WRITE;
/*!40000 ALTER TABLE `contact` DISABLE KEYS */;
INSERT INTO `contact` VALUES (1,'JULIEN.AZIZA@ORANGE.FR',NULL,'0624536655',NULL),(2,'ALIPIOTEIXEIRA@YAHOO.FR',NULL,'0662302010',NULL),(3,NULL,NULL,'0677950397',NULL),(4,NULL,NULL,'0788190227',NULL),(5,'yanisaouana@yahoo.fr',NULL,'0698942487',NULL),(6,'COMPTA@ASCIER.FR','0160436116',NULL,NULL),(7,'william.attali@gmail.com',NULL,'0633584700',NULL),(8,'KEVINANDRIEUX1989@GMAIL.COM',NULL,'0626744790',NULL),(9,'ademlounes@gmail.com',NULL,'0626422683',NULL),(10,'georges.dossantos@gmail.com',NULL,'0674441722',NULL),(11,NULL,NULL,'0778346392',NULL),(12,NULL,NULL,'0615471798',NULL),(13,'KOULIE@HOTMAIL.FR',NULL,'0626624754',NULL),(14,'alliettiffany@gmail.com','0614071011','0614071011',NULL),(15,'annesophiebichut@gmail.com',NULL,'0658460269',NULL),(16,NULL,NULL,'0626496372',NULL),(17,'PATRICKALAVOINE77@HOTMAIL.FR',NULL,'0649624031',NULL),(18,'benjamin.ancart@gmail.com',NULL,'0682246586',NULL),(19,'APMAD@ORANGE.FR','010101010101',NULL,NULL),(20,NULL,NULL,'0635078680',NULL),(21,'MARYSE.TODOME@GMAIL.COM',NULL,'0621208476',NULL),(22,'TICA.ASANDULUI@GMAIL.COM',NULL,'0629432757',NULL),(23,NULL,'0160636319',NULL,NULL),(24,NULL,'0680777385','0672162143',NULL),(25,'ka360pro@gmail.com',NULL,'0613433465',NULL),(26,NULL,NULL,'0695204769',NULL),(27,NULL,NULL,'0752635442',NULL),(28,'julanj@orange.fr',NULL,'0695821538',NULL),(29,NULL,NULL,'0621970696',NULL),(30,NULL,NULL,'0613214171',NULL),(31,'henri.lefevre@aptiv.com',NULL,'0684367621',NULL),(32,'h.agoudjil02@yahoo.fr',NULL,'0616500734',NULL),(33,'elodie.duretz@emilfrey.fr','0344646060',NULL,NULL),(34,'PRESTIAJO@YAHOO.FR',NULL,'0675333649',NULL),(35,'asantoniopalma@yahoo.fr',NULL,'0603811973',NULL),(36,'ASMSL.77@wanadoo.fr','0164025818',NULL,NULL);
/*!40000 ALTER TABLE `contact` ENABLE KEYS */;
UNLOCK TABLES;

--
-- Table structure for table `doctrine_migration_versions`
--

DROP TABLE IF EXISTS `doctrine_migration_versions`;
/*!40101 SET @saved_cs_client     = @@character_set_client */;
/*!50503 SET character_set_client = utf8mb4 */;
CREATE TABLE `doctrine_migration_versions` (
  `version` varchar(191) COLLATE utf8mb3_unicode_ci NOT NULL,
  `executed_at` datetime DEFAULT NULL,
  `execution_time` int DEFAULT NULL,
  PRIMARY KEY (`version`)
) ENGINE=InnoDB DEFAULT CHARSET=utf8mb3 COLLATE=utf8mb3_unicode_ci;
/*!40101 SET character_set_client = @saved_cs_client */;

--
-- Dumping data for table `doctrine_migration_versions`
--

LOCK TABLES `doctrine_migration_versions` WRITE;
/*!40000 ALTER TABLE `doctrine_migration_versions` DISABLE KEYS */;
INSERT INTO `doctrine_migration_versions` VALUES ('DoctrineMigrations\\Version20240225011502','2024-02-25 01:15:06',1106);
/*!40000 ALTER TABLE `doctrine_migration_versions` ENABLE KEYS */;
UNLOCK TABLES;

--
-- Table structure for table `evenement`
--

DROP TABLE IF EXISTS `evenement`;
/*!40101 SET @saved_cs_client     = @@character_set_client */;
/*!50503 SET character_set_client = utf8mb4 */;
CREATE TABLE `evenement` (
  `id` int NOT NULL AUTO_INCREMENT,
  `origine_event` varchar(20) COLLATE utf8mb4_unicode_ci DEFAULT NULL,
  `commentaire` varchar(50) COLLATE utf8mb4_unicode_ci DEFAULT NULL,
  `date_event` date DEFAULT NULL,
  `date_dernier_event` date DEFAULT NULL,
  PRIMARY KEY (`id`)
) ENGINE=InnoDB AUTO_INCREMENT=56 DEFAULT CHARSET=utf8mb4 COLLATE=utf8mb4_unicode_ci;
/*!40101 SET character_set_client = @saved_cs_client */;

--
-- Dumping data for table `evenement`
--

LOCK TABLES `evenement` WRITE;
/*!40000 ALTER TABLE `evenement` DISABLE KEYS */;
INSERT INTO `evenement` VALUES (1,'Atelier','OPX','2022-02-04','2022-02-04'),(2,'Atelier',NULL,'2024-04-02','2024-04-02'),(3,'Atelier',NULL,'2021-04-05','2022-01-03'),(4,'Atelier','AD BLUE','2022-02-03','2022-02-03'),(5,'Atelier','MAJ GPS','2023-01-10','2022-02-03'),(6,'Atelier','PREPA VO','2022-02-03','2022-04-03'),(7,'Atelier',NULL,'2022-04-03','2022-04-03'),(8,'Atelier',NULL,'2023-02-03','2023-02-03'),(9,'Atelier',NULL,'2022-01-03','2023-04-03'),(10,'Atelier','PLAQUE','2023-05-03','2023-05-03'),(11,'Atelier','MALR','2022-09-04','2023-05-03'),(12,'Atelier','REV 60 000 KM ET 48 MOIS','2023-05-03','2023-05-03'),(13,'Atelier','PREPA VD','2023-04-07','2023-06-03'),(14,'Atelier',NULL,'2022-01-08','2023-06-03'),(15,'Atelier',NULL,'2023-06-03','2023-06-03'),(16,'Atelier','PREPA VN','2023-10-03','2023-10-03'),(17,'Atelier',NULL,'2023-10-03','2023-10-03'),(18,'Atelier',NULL,'2019-04-06','2023-11-03'),(19,'Atelier',NULL,'2023-11-03','2023-11-03'),(20,'Véhicule neuf',NULL,'2024-01-03','2024-01-03'),(21,'Atelier','CAMPAGNE','2024-04-03','2024-04-03'),(22,'Atelier','REMISE EN ETAT V O','2022-04-12','2024-05-03'),(23,'Atelier','NUL','2021-07-06','2024-05-03'),(24,'Atelier',NULL,'2024-05-03','2024-05-03'),(25,'Véhicule d\'occasion',NULL,'2023-12-03','2024-05-03'),(26,'Véhicule d\'occasion',NULL,'2023-10-03','2024-05-03'),(27,'Véhicule d\'occasion',NULL,'2023-03-03','2024-05-03'),(28,'Atelier','OPX','2023-04-09','2024-06-03'),(29,'Atelier',NULL,'2020-06-01','2024-06-03'),(30,'Atelier','remise','2019-12-01','2024-06-03'),(31,'Véhicule d\'occasion',NULL,'2023-10-03','2024-06-03'),(32,'Véhicule d\'occasion',NULL,'2023-05-01','2024-06-03'),(33,'Atelier',NULL,'2022-04-04','2022-04-04'),(34,'Atelier',NULL,'2022-05-05','2022-05-04'),(35,'Atelier',NULL,'2022-06-04','2022-06-04'),(36,'Atelier','PREPA VN','2022-07-04','2022-07-04'),(37,'Magasin',NULL,'2022-07-04','2022-07-04'),(38,'Magasin',NULL,'2022-08-04','2022-08-04'),(39,'Magasin',NULL,'2023-02-03','2022-08-04'),(40,'Atelier','rev 105000 kms','2022-08-04','2022-08-04'),(41,'Atelier','CHOC','2022-04-01','2022-11-04'),(42,'Atelier','nul','2022-06-11','2023-01-04'),(43,'Atelier',NULL,'2022-11-04','2023-01-04'),(44,'Atelier','remise en etat v o','2023-04-03','2023-03-04'),(45,'Atelier','carro','2023-03-04','2023-03-04'),(46,'Atelier',NULL,'2023-03-04','2023-03-04'),(47,'Atelier','PREPA VN','2022-07-04','2023-07-04'),(48,'Atelier','MALR','2021-05-09','2023-08-04'),(49,'Atelier',NULL,'2023-08-04','2023-09-04'),(50,'Véhicule d\'occasion',NULL,'2024-06-03','2023-09-04'),(51,'Atelier',NULL,'2023-10-04','2023-10-04'),(52,'Atelier',NULL,'2023-08-04','2023-10-04'),(53,'Atelier',NULL,'2024-01-04','2024-01-04'),(54,'Atelier','PREPA VN','2024-01-04','2024-01-04'),(55,'Véhicule neuf',NULL,'2024-01-04','2024-01-04');
/*!40000 ALTER TABLE `evenement` ENABLE KEYS */;
UNLOCK TABLES;

--
-- Table structure for table `proprietaire`
--

DROP TABLE IF EXISTS `proprietaire`;
/*!40101 SET @saved_cs_client     = @@character_set_client */;
/*!50503 SET character_set_client = utf8mb4 */;
CREATE TABLE `proprietaire` (
  `id` int NOT NULL AUTO_INCREMENT,
  `adresse_id` int DEFAULT NULL,
  `contact_id` int DEFAULT NULL,
  `surnom` varchar(100) COLLATE utf8mb4_unicode_ci DEFAULT NULL,
  `nom` varchar(50) COLLATE utf8mb4_unicode_ci DEFAULT NULL,
  `prenom` varchar(50) COLLATE utf8mb4_unicode_ci DEFAULT NULL,
  `civilite` varchar(3) COLLATE utf8mb4_unicode_ci DEFAULT NULL,
  PRIMARY KEY (`id`),
  KEY `IDX_69E399D64DE7DC5C` (`adresse_id`),
  KEY `IDX_69E399D6E7A1254A` (`contact_id`),
  CONSTRAINT `FK_69E399D64DE7DC5C` FOREIGN KEY (`adresse_id`) REFERENCES `adresse` (`id`),
  CONSTRAINT `FK_69E399D6E7A1254A` FOREIGN KEY (`contact_id`) REFERENCES `contact` (`id`)
) ENGINE=InnoDB AUTO_INCREMENT=39 DEFAULT CHARSET=utf8mb4 COLLATE=utf8mb4_unicode_ci;
/*!40101 SET character_set_client = @saved_cs_client */;

--
-- Dumping data for table `proprietaire`
--

LOCK TABLES `proprietaire` WRITE;
/*!40000 ALTER TABLE `proprietaire` DISABLE KEYS */;
INSERT INTO `proprietaire` VALUES (1,1,1,NULL,'AZIZA','JULIEN','Mr'),(2,2,2,'ALIPIO TEIXEIRA B&TP','ALIPIO TEIXEIRA B&TP',NULL,NULL),(3,3,3,'ANSEL','ANSEL','MARIE CHRISTINE','Mme'),(4,4,4,'ARVAL','ARVAL',NULL,NULL),(5,5,5,'AOUANA','AOUANA','YANIS',NULL),(6,6,6,NULL,'ASCIER',NULL,NULL),(7,7,7,'ATTALI','ATTALI','WILLIAM','Mr'),(8,8,8,'ANDRIEUX','ANDRIEUX','KEVIN','Mr'),(9,7,NULL,'ATLAS AUTO','ATLAS AUTO',NULL,NULL),(10,9,9,'ADEM','ADEM','LOUNES','Mr'),(11,10,10,'ATHLON CAR LEASE','ATHLON CAR LEASE',NULL,NULL),(12,11,11,'ALPHABET','ALPHABET',NULL,NULL),(13,12,12,'ANTONY','ANTONY','FRANCOIS-XAVIER',NULL),(14,13,13,'ADELON','ADELON','CATHY','Mme'),(15,14,14,'ALLIET','ALLIET','TIFFANY','Mme'),(16,15,15,'ASMH','ASMH',NULL,'Ste'),(17,7,16,'ASSELINEAU','ASSELINEAU','FREDERIC','Mr'),(18,16,17,NULL,'ALAVOINE','PATRICK','Mr'),(19,1,18,'ANCART','ANCART','BENJAMIN','Mr'),(20,17,19,'ASS MAINTIEN DOMICILE PERSONNE','ASS MAINTIEN DOMICILE PERSONNE',NULL,NULL),(21,18,20,'ALTO INGENIERIE','ALTO INGENIERIE',NULL,NULL),(22,19,21,'AKAKPO','AKAKPO','DONANON','Mme'),(23,7,22,'ASANDULUI','ASANDULUI','CONSTANTIN','Mr'),(24,20,NULL,'ARVAL SERVICE LEASE','ARVAL SERVICE LEASE',NULL,'Ste'),(25,21,23,'AUTOS LINE','AUTOS LINE',NULL,'Ste'),(26,21,23,NULL,'AUTOS LINE',NULL,'Ste'),(27,23,25,'A.S.R.A.','A.S.R.A.',NULL,NULL),(28,24,26,'AUDEMAR','AUDEMAR','CEDRIC',NULL),(29,8,28,'ADIN','ADIN','JULIA','Mme'),(30,26,29,'AMKHAOU','AMKHAOU','TAHAR','Mr'),(31,27,30,'AUTOMATIC SYSTEMS','AUTOMATIC SYSTEMS',NULL,NULL),(32,28,31,'APTIV HOLDING FRANCE','APTIV HOLDING FRANCE',NULL,NULL),(33,29,32,NULL,'AGOUDJIL','HAMID','Mr'),(34,30,33,'ABCIS PICARDIE','ABCIS PICARDIE',NULL,'Gge'),(35,31,34,'AFMTBT','AFMTBT',NULL,NULL),(36,21,NULL,'AUTO LINE','AUTO LINE',NULL,'Ste'),(37,30,35,'ASSISTANCE SERRURERIE ANTONIO','ASSISTANCE SERRURERIE ANTONIO',NULL,NULL),(38,32,36,'AUTO SAINT MARD','AUTO SAINT MARD',NULL,NULL);
/*!40000 ALTER TABLE `proprietaire` ENABLE KEYS */;
UNLOCK TABLES;

--
-- Table structure for table `vehicule`
--

DROP TABLE IF EXISTS `vehicule`;
/*!40101 SET @saved_cs_client     = @@character_set_client */;
/*!50503 SET character_set_client = utf8mb4 */;
CREATE TABLE `vehicule` (
  `id` int NOT NULL AUTO_INCREMENT,
  `proprietaire_id` int NOT NULL,
  `compte_id` int DEFAULT NULL,
  `vendeur_id` int DEFAULT NULL,
  `evenement_id` int DEFAULT NULL,
  `numero_fiche` varchar(5) COLLATE utf8mb4_unicode_ci DEFAULT NULL,
  `date_circul` date DEFAULT NULL,
  `date_achat` date DEFAULT NULL,
  `marque` varchar(20) COLLATE utf8mb4_unicode_ci DEFAULT NULL,
  `modele` varchar(20) COLLATE utf8mb4_unicode_ci DEFAULT NULL,
  `version` varchar(50) COLLATE utf8mb4_unicode_ci DEFAULT NULL,
  `vin` varchar(50) COLLATE utf8mb4_unicode_ci DEFAULT NULL,
  `matricule` varchar(12) COLLATE utf8mb4_unicode_ci DEFAULT NULL,
  `prospect` varchar(12) COLLATE utf8mb4_unicode_ci DEFAULT NULL,
  `kilometrage` int DEFAULT NULL,
  `energie` varchar(20) COLLATE utf8mb4_unicode_ci DEFAULT NULL,
  `type_vehicule` varchar(2) COLLATE utf8mb4_unicode_ci DEFAULT NULL,
  `numero_dossier` varchar(10) COLLATE utf8mb4_unicode_ci DEFAULT NULL,
  PRIMARY KEY (`id`),
  KEY `IDX_292FFF1D76C50E4A` (`proprietaire_id`),
  KEY `IDX_292FFF1DF2C56620` (`compte_id`),
  KEY `IDX_292FFF1D858C065E` (`vendeur_id`),
  KEY `IDX_292FFF1DFD02F13` (`evenement_id`),
  CONSTRAINT `FK_292FFF1D76C50E4A` FOREIGN KEY (`proprietaire_id`) REFERENCES `proprietaire` (`id`),
  CONSTRAINT `FK_292FFF1D858C065E` FOREIGN KEY (`vendeur_id`) REFERENCES `vendeur` (`id`),
  CONSTRAINT `FK_292FFF1DF2C56620` FOREIGN KEY (`compte_id`) REFERENCES `compte` (`id`),
  CONSTRAINT `FK_292FFF1DFD02F13` FOREIGN KEY (`evenement_id`) REFERENCES `evenement` (`id`)
) ENGINE=InnoDB AUTO_INCREMENT=63 DEFAULT CHARSET=utf8mb4 COLLATE=utf8mb4_unicode_ci;
/*!40101 SET character_set_client = @saved_cs_client */;

--
-- Dumping data for table `vehicule`
--

LOCK TABLES `vehicule` WRITE;
/*!40000 ALTER TABLE `vehicule` DISABLE KEYS */;
INSERT INTO `vehicule` VALUES (1,1,1,NULL,1,'7246','2017-05-09','2017-05-09','HYUNDAI','TUCSON','1.7 CRDI 115ch Creative 2WD','TMAJ3815AGJ009703','DW-750-CH','PARTICULIER',139924,'DIESEL','VN',NULL),(2,2,2,1,2,'11286','2022-11-02','2022-11-02','HYUNDAI',NULL,'TUCSON NG CRDI 136 DCT 48V NLINE EXE TO','TMAJB81AGMJ127866','GE-630-QL','SOCIETE',10,'DIESEL','VN','VN301519'),(3,3,3,NULL,3,'9393','2020-04-07',NULL,'HYUNDAI','TUCSON',NULL,'TMAJ3817GKJ885874','FH-945-WZ','PARTICULIER',43095,NULL,NULL,NULL),(4,4,1,NULL,4,'6925','2021-01-03',NULL,'HYUNDAI','TUCSON',NULL,'TMAJC81AGMJ009537','FX-389-MZ','PARTICULIER',45401,NULL,NULL,NULL),(5,5,1,NULL,5,'10781','2019-04-04',NULL,'HYUNDAI','KONA',NULL,'KMHK581GFKU027670','FF-499-EQ','PARTICULIER',23919,NULL,NULL,NULL),(6,6,4,NULL,6,'11534','2020-03-09','2023-11-02','PEUGEOT','PARTNER VU','PREMIUM PACK STANDARD BLUE  HDI 75 BVM5','VF37BBHW6JJ771713','FA-307-SB','SOCIETE',35029,'DIESEL','VO','VO900402'),(7,7,5,2,7,'1459','2022-02-03','2024-01-02','HYUNDAI',NULL,'SANTA FE FL HEV 230 BVA6 INTUITIVE.','KMHS2811BNU026983','GE-814-ZL','PARTICULIER',6,'PLUG-IN','VN','VN003696'),(8,8,5,2,8,'11428','2022-09-03','2022-03-03','HYUNDAI',NULL,'I20 NG 1.2 84 INTUITIVE','NLHBN51HANZ144399','GF-344-CC','PARTICULIER',6,'ESSENCE','VN','VN003674'),(9,9,5,NULL,8,'11621','2020-05-06',NULL,'HYUNDAI',NULL,NULL,'KMHC751HFKU046772','FH-810-AC','PARTICULIER',24985,NULL,NULL,NULL),(10,10,6,3,9,'7526','2021-10-06','2021-10-06','HYUNDAI',NULL,'TUCSON A20 CRDI 115 48V CREA','TMAJ3817ALJ082238','FQ-102-RY','PARTICULIER',10147,'DIESEL','VN','VN500204'),(11,11,7,4,10,'8195',NULL,'2023-12-02','HYUNDAI',NULL,'KONA HYB BUSINESS','KMHK381EGNU081404',NULL,'SOCIETE',10,'HYBRIDE','VN','VN002881'),(12,11,7,NULL,10,'8195',NULL,'2024-01-02','HYUNDAI',NULL,'KONA HYBRID FL BUSINESS','KMHK381EGNU083078',NULL,'SOCIETE',10,'HYBRIDE','VN','VN002881'),(13,12,7,5,11,'9498','2022-10-03','2022-02-09','HYUNDAI',NULL,'CRDI 136 DCT7 48V NLINE EXECUTIVE','TMAJ3817GLJ132557','FX-845-ZS','SOCIETE',33061,'DIESEL','VN','VN400589'),(14,13,7,NULL,12,'11667','2018-05-06',NULL,'HYUNDAI',NULL,NULL,'KMHC751DGJU081495','EX-840-XQ','PARTICULIER',35709,NULL,NULL,NULL),(15,14,8,2,13,'11664','2023-01-06','2023-06-03','HYUNDAI',NULL,'I20 NG TGDI 100DCT 48V NLINE+NAV+BITON','NLHBR51GGNZ053534','GA-304-GQ','PARTICULIER',10,'ESSENCE','VN','VN003743'),(16,15,2,NULL,14,'9883','2020-06-11','2022-09-05','HYUNDAI','TUCSON','CRDI 136 CDT-7 CREA RDS','TMAJ3817GKJ738781','FC-301-EB','PARTICULIER',51422,'DIESEL','VO','VO080681'),(17,16,2,NULL,15,'11580','2021-02-11',NULL,'HYUNDAI',NULL,'N LINE','TMAJ3817GLJ019165','FP-736-FH','PARTICULIER',33005,NULL,NULL,NULL),(18,11,7,NULL,16,'8195','2023-02-03','2023-06-03','HYUNDAI',NULL,'TUCSON NG PHEV 265 HTRAC EXE','TMAJE812DNJ080026','GF-536-EF','SOCIETE',10,'PLUG-IN','VN','VN002881'),(19,17,5,NULL,17,'11710','2021-10-02',NULL,'HYUNDAI',NULL,NULL,'TMAJE811BMJ007740','FX-340-BN','PARTICULIER',22000,NULL,NULL,NULL),(20,18,9,6,18,'9178','2018-08-03','2022-07-12','HYUNDAI','TUCSON','CRDI 141 DCT7 EDITION LOUNGE','TMAJ3815GHJ382366','EK-198-XV','PARTICULIER',74187,'DIESEL','VO','VO061609'),(21,19,5,7,19,'6345','2024-04-02','2024-01-02','HYUNDAI',NULL,'HYB 230 EXECUTIVE','TMAJE811BNJ078473','GE-078-YW','PARTICULIER',345,'HYBRIDE','VN','VN003435'),(22,20,10,8,20,'11668',NULL,'2024-01-03','HYUNDAI',NULL,'I10 1.0 67 ECO 4P INTUITIVE','NLHDN51AANZ114042',NULL,'SOCIETE',NULL,'ESSENCE','VN','VN003727'),(23,21,7,NULL,21,'11752','2021-01-12',NULL,'HYUNDAI',NULL,NULL,'TMAJC811BMJ061510','GD-335-GX','PARTICULIER',4509,NULL,NULL,NULL),(24,22,11,NULL,22,'11628','2022-05-02','2023-04-03','SUZUKI','SWIFT','1.2 DUALJET HYBRID 83CH PACK AUTO','JSAAZCA3S00408936','FX-311-EN','PARTICULIER',3480,'ESSENCE','VO','VO061870'),(25,23,12,NULL,23,'11722','2019-08-10','2023-12-03','HYUNDAI','TUCSON','1.6 CRDI 136 DCT-7 PREM  RDS','TMAJ3817GLJ992299','FK-827-RX','PARTICULIER',19774,'DIESEL','VO','VO061964'),(26,24,2,NULL,24,'7648','2020-03-08',NULL,'HYUNDAI',NULL,NULL,'KMHC751DGLU217281','FR-074-WS','SOCIETE',20160,NULL,NULL,NULL),(27,25,13,NULL,25,'1362','2006-12-04','2024-05-03','TOYOTA','AYGO','aygo 1.0vvt i 68ch','JTDKG18C50N049285','CZ-631-LY','SOCIETE',173400,'ESSENCE','VO',NULL),(28,25,13,NULL,26,'1362','2011-01-04','2024-05-03','PEUGEOT','3008','1.6 HDi 16v 110CH fap BMP6 BLUE LION PREMIUM Pack','VF30U9HZHAS097492','AQ-463-FG','SOCIETE',202654,'DIESEL','VO',NULL),(29,25,13,NULL,27,'1362','2012-07-10','2024-05-03','AUDI','A4','V6 2.7 TDI 190DPF AMBITION LUXE MULTIRONIC A','WAUZZZ8K6CA058214','BW-417-NN','SOCIETE',103500,'DIESEL','VO',NULL),(30,25,13,NULL,25,'1362','2014-08-04','2024-05-03','HYUNDAI','I30','i 30 1.6 crdi 128ch','TMAD351UAEJ127657','DE-404-SV','SOCIETE',125458,'DIESEL','VO',NULL),(31,24,1,9,28,'1000','2022-07-05','2023-06-04','HYUNDAI',NULL,'TUCSON NG HYBRID 230 CREATIVE','TMAJD811BMJ027162','FZ-434-HT','SOCIETE',30244,'HYBRIDE','VN',NULL),(32,25,14,NULL,29,'1362','2013-04-02','2024-06-03','HYUNDAI','I20','1.2 PACK INVENTIVE','NLHBA51BACZ099364','CB-578-NQ','SOCIETE',154759,'ESSENCE','VO',NULL),(33,25,15,NULL,30,'1362','2015-04-08','2024-06-03','HYUNDAI','I30','1.6 CRDI 110 PACK SENSATION BLUE DRIVE 5P','TMAD351UAEJ110847','CY-705-CC','SOCIETE',139926,'DIESEL','VO',NULL),(34,26,10,NULL,31,'1362','2011-05-04','2024-06-03','PEUGEOT','5008','1.6 HDi112 FAP Allure 7pl','VF3OE9HR8BS104842','BL-105-NP','SOCIETE',179318,'DIESEL','VO',NULL),(35,25,10,NULL,32,'1362','2011-02-04','2024-06-03','PEUGEOT','308','1.6 hdi 110 fap premium pack','VF34C9HZC9S199531','AQ-781-HR','SOCIETE',214510,'DIESEL','VO',NULL),(36,27,2,10,33,'10570','2024-01-03','2023-09-02','HYUNDAI',NULL,'TUCSON NG PHEV 265 HTRAC NLINE EX+TO','TMAJB812DNJ079208','GF-357-KM','SOCIETE',9,'PLUG-IN','VN','VN301386'),(37,28,9,NULL,34,'2577','2013-05-12',NULL,'HYUNDAI','IX35',NULL,'TMAJU81VACJ231649','BZ-300-SR','PARTICULIER',259122,NULL,NULL,NULL),(38,4,5,NULL,35,'997','2023-04-12',NULL,'HYUNDAI',NULL,NULL,'KMHK381EGNU077843','GD-323-WK','PARTICULIER',2998,NULL,NULL,NULL),(39,24,7,11,36,'1000','2022-09-03','2024-05-03','HYUNDAI',NULL,'TUCSON NG PHEV 265 HTRAC EXE','TMAJE812DNJ080121','GF-112-CG','SOCIETE',10,'PLUG-IN','VN',NULL),(40,11,7,4,37,'8195','2023-09-02','2023-12-02','HYUNDAI',NULL,'TUCSON NG CRDI 136 DCT 48V BUSINESS','TMAJC81AGNJ164034','GE-375-VB','SOCIETE',10,'HYBRIDE','VN','VN002881'),(41,11,7,4,36,'8195','2022-02-03','2023-06-02','HYUNDAI',NULL,'TUCSON NG CRDI 136 DCT 48V BUSINESS','TMAJC81AGNJ163698','GE-562-ZW','SOCIETE',10,'HYBRIDE','VN','VN002881'),(42,11,7,4,38,'8195',NULL,'2024-07-03','HYUNDAI',NULL,'KONA HYB BUSINESS','KMHK381EGNU088038',NULL,'SOCIETE',NULL,'HYBRIDE','VN','VN002881'),(43,11,7,4,38,'8195',NULL,'2024-07-03','HYUNDAI',NULL,'KONA HYB BUSINESS','KMHK381EGNU088039',NULL,'SOCIETE',NULL,'HYBRIDE','VN','VN002881'),(44,29,1,8,39,'9218','2023-07-03','2022-12-02','HYUNDAI',NULL,'I10 NG 1.0 67 ECO 4P INITIA MY21','NLHDM51AAMZ059841','FY-262-GZ','PARTICULIER',7012,'ESSENCE','VN','VN002950'),(45,30,5,NULL,40,'11862','2017-11-05',NULL,'HYUNDAI',NULL,NULL,'KMHC751CGHU028166','EM-346-HY','PARTICULIER',106840,NULL,NULL,NULL),(46,31,9,NULL,41,'4939','2020-04-02',NULL,'HYUNDAI',NULL,NULL,'TMAH3517AJJ061192','EV-728-KD','PARTICULIER',157119,NULL,NULL,NULL),(47,32,12,NULL,42,'10587','2022-03-01',NULL,'HYUNDAI',NULL,NULL,'TMAJE811BMJ006127','FW-299-MV','PARTICULIER',19398,NULL,NULL,NULL),(48,24,2,NULL,43,'7648','2021-10-06',NULL,'HYUNDAI',NULL,NULL,'TMAJE812DNJ033343','FZ-279-XC','SOCIETE',17217,NULL,NULL,NULL),(49,33,16,NULL,44,'11554','2021-01-10','2024-01-02','HYUNDAI','IONIQ','ioniq fl hyb creative','KMHC851CGLU202194','FT-476-JD','PARTICULIER',26644,'HYBRIDE','VO','VO061843'),(50,28,9,NULL,45,'2577','2021-04-08',NULL,'HYUNDAI','SANTA FE',NULL,'KMHS381BDLU199918','FJ-646-SK','PARTICULIER',61861,NULL,NULL,NULL),(51,34,2,NULL,46,'5542','2018-04-06',NULL,'HYUNDAI',NULL,NULL,'TMAJ3815AJJ474031','JJ474031','SOCIETE',NULL,NULL,NULL,NULL),(52,24,7,4,47,'1000','2022-07-04','2024-05-03','HYUNDAI',NULL,'IONIQ 5 73 KWH EXE','KMHKR81AFNU074781','16161','SOCIETE',11,'ELECTRIQUE','VN',NULL),(53,24,3,3,48,'7648','2021-10-09','2020-02-10','HYUNDAI',NULL,'CRDI 136 DCT-7 48V NLINE EDITION + TO','TMAJ3817GLJ131994','FS-836-WN','SOCIETE',60921,'DIESEL','VN',NULL),(54,35,17,NULL,49,'11421','2020-01-01','2023-12-02','HYUNDAI','IONIQ','MY 18 HYBRID INTUITIVE','KMHC751CGJU070624','ET-113-PG','SOCIETE',23315,'DIESEL','VO','VO900403'),(55,36,18,NULL,50,'3536','2012-03-07','2023-09-04','VOLKSWAGEN','TIGUAN','2.0 TDI 140CH FAP SPORT & STYLE 4X2','WVGZZZ5NZBW015078','AX-658-ML','PARTICULIER',163601,'DIESEL','VO','VO061007'),(56,24,2,NULL,51,'7648','2021-08-10',NULL,'HYUNDAI',NULL,NULL,'TMAJE812DNJ045741','GC-937-GP','SOCIETE',17545,NULL,NULL,NULL),(57,37,2,10,51,'11591','2023-07-04','2023-07-04','HYUNDAI',NULL,'KONA ELECRTIC FL 64 KWH INTUITIVE PACK','TMAK281GFNJ056897','GF-008-WT','SOCIETE',2,'ELECTRIQUE','VN','VN301551'),(58,38,5,NULL,51,'5831','2022-04-01',NULL,'HYUNDAI',NULL,NULL,'KMHK381EGLU009044','FP-551-CE','SOCIETE',34906,NULL,NULL,NULL),(59,24,15,2,52,'7648','2023-01-04','2023-10-04','HYUNDAI',NULL,'TUCSON NG HYBRID 230 BUSINESS+SS','TMAJC811BNJ085608','GF-562-VG','SOCIETE',6,'HYBRIDE','VN',NULL),(60,24,3,NULL,53,'7648','2021-01-06',NULL,'HYUNDAI',NULL,NULL,'TMAJC81AGMJ031770','FZ-936-QX','SOCIETE',34012,NULL,NULL,NULL),(61,11,7,4,54,'8195','2024-01-04','2024-05-03','HYUNDAI',NULL,'IONIQ 5 73KWH INTUITIVE','KMHKM81AFNU044549','*1**','SOCIETE',1,'ELECTRIQUE','VN','VN002881'),(62,11,13,4,55,'8195',NULL,'2024-01-04','HYUNDAI',NULL,'KONA HYBRID FL BUSINESS','KMHK381EGNU088738',NULL,'SOCIETE',NULL,'HYBRIDE','VN','VN002881');
/*!40000 ALTER TABLE `vehicule` ENABLE KEYS */;
UNLOCK TABLES;

--
-- Table structure for table `vendeur`
--

DROP TABLE IF EXISTS `vendeur`;
/*!40101 SET @saved_cs_client     = @@character_set_client */;
/*!50503 SET character_set_client = utf8mb4 */;
CREATE TABLE `vendeur` (
  `id` int NOT NULL AUTO_INCREMENT,
  `vendeur_vo` varchar(50) COLLATE utf8mb4_unicode_ci DEFAULT NULL,
  `vendeur_vn` varchar(50) COLLATE utf8mb4_unicode_ci DEFAULT NULL,
  `intermediaire` varchar(50) COLLATE utf8mb4_unicode_ci DEFAULT NULL,
  PRIMARY KEY (`id`)
) ENGINE=InnoDB AUTO_INCREMENT=12 DEFAULT CHARSET=utf8mb4 COLLATE=utf8mb4_unicode_ci;
/*!40101 SET character_set_client = @saved_cs_client */;

--
-- Dumping data for table `vendeur`
--

LOCK TABLES `vendeur` WRITE;
/*!40000 ALTER TABLE `vendeur` DISABLE KEYS */;
INSERT INTO `vendeur` VALUES (1,NULL,'HEDIN LEA',NULL),(2,NULL,'AUGEY PATRICK',NULL),(3,NULL,'VILLAIN URSULLA',NULL),(4,NULL,'MIROGLIO CLARISSE',NULL),(5,NULL,'AMALOU KEVIN',NULL),(6,'FERNANDES ANTHONY',NULL,NULL),(7,NULL,'AVILES JEROME',NULL),(8,NULL,'FERNANDES ANTHONY',NULL),(9,NULL,'BROSSARD JULIEN',NULL),(10,NULL,'LAURENT SEBASTIEN',NULL),(11,NULL,'ROUBAUDI HUGO',NULL);
/*!40000 ALTER TABLE `vendeur` ENABLE KEYS */;
UNLOCK TABLES;
/*!40103 SET TIME_ZONE=@OLD_TIME_ZONE */;

/*!40101 SET SQL_MODE=@OLD_SQL_MODE */;
/*!40014 SET FOREIGN_KEY_CHECKS=@OLD_FOREIGN_KEY_CHECKS */;
/*!40014 SET UNIQUE_CHECKS=@OLD_UNIQUE_CHECKS */;
/*!40101 SET CHARACTER_SET_CLIENT=@OLD_CHARACTER_SET_CLIENT */;
/*!40101 SET CHARACTER_SET_RESULTS=@OLD_CHARACTER_SET_RESULTS */;
/*!40101 SET COLLATION_CONNECTION=@OLD_COLLATION_CONNECTION */;
/*!40111 SET SQL_NOTES=@OLD_SQL_NOTES */;

-- Dump completed on 2024-02-26  0:17:41
